{
    "train_acc": 0.9990702863518036,
    "val_acc": 0.9916631340963685,
    "test_acc": 0.9912658802177858
}